artist,id
Britney Spears,26dSoYclwsYLMAKD3tpOr4
blink-182,6FBDaR13swtiWwGhX1WQsP
Faith Hill,25NQNriVT2YbSW80ILRWJa
Bon Jovi,58lV9VcRSjABbAbfWS6skp
*NSYNC,6Ff53KvcvAj5U7Z1vojB5o
Sisqo,6x9QLdzo6eBZxJ1bHsDkjg
Eminem,7dGJo4pcD2V6oG8kP0tJRR
Robbie Williams,2HcwFjNelS49kFbfvMxQYw
Destiny's Child,1Y8cdNmUJH7yBTd9yOvr5i
Coldplay,4gzpq5DPGxSnKTe4SA8HAU
Linkin Park,6XyY86QOPPrYVGvF9ch6wz
Dr. Dre,6DPYiyq5kWVQS4RGwxzPC7
Red Hot Chili Peppers,0L8ExT028jH3ddEcZwqJJ5
3 Doors Down,2RTUTCvo6onsAnheUk3aL9
Modjo,0AkpPlFLnr0VQwZQeMGht0
Alice Deejay,2tbvDi9eXf9XXp06LupkED
Wheatus,4mYFgEjpQT4IKOrjOUKyXu
Gigi D'Agostino,1OAjDaKgg00KCUYqDe68un
Limp Bizkit,165ZgPlLkK7bf5bDoFc6Sb
Backstreet Boys,5rSXSAkZ67PYJSvpUpkOr7
DMX,1HwM5zlC5qNWhJtM00yXzG
Darude,0LhHRmSd1EYM5QdNeNnCoQ
Lonestar,3qbnxnvUqR14MJ9g8QwZJK
Craig David,2JyWXPbkqI5ZJa3gwqVa0c
Westlife,5Z1CCuBsyhEHngq3U5IraY
Creed,43sZBwHjahUvgbx1WNIkIz
JAY-Z,3nFkdlSjzX9mRTtwJOzDYB
Nelly,2gBjLmx6zQnFGQJCAQpRgw
LeAnn Rimes,2d3VHzlOEwXvmBdS4pzOPL
The Corrs,1VbWUxZTRNY2gw3qZ1tg9W
Toni Braxton,3X458ddYA2YcVWuVIGGOYe
Joe,3zTOe1BtyTkwNvYZOxXktX
Nine Days,306JHpIRGVaQd6OltnOzUO
Aaliyah,0urTpYCsixqZwgNTkPJOJ4
Céline Dion,4S9EykWXhStSc15wEx8QFK
Santana,6GI52t8N5F02MxU0g5U69P
Tom Jones,1T0wRBO0CK0vK8ouUMqEl5
Baha Men,67FFKYikvTlvsPNk4NPOYJ
Mary Mary,12Kgt2eahvxNWhD5PnSUde
Lee Ann Womack,738OS3zrCO782uDiUN9pet
Christina Aguilera,1l7ZsJRRS8wlW3WfJfPfNS
Donell Jones,5KNqYrivNgVCHBssEUSu5B
Third Eye Blind,6TcnmlCSxihzWOQJ8k0rNS
Sonique,5xtqw2B8z8JGfDYi2eAZHI
Filter,01WjpKiWVNurV5hjIadB8C
U2,51Blml2LZPmy7TTiAg47vQ
Vertical Horizon,6Hizgjo92FnMp8wGaRUNTn
Fuel,0EyuKHE1AeE9lWUF8mzKVp
Vengaboys,0cwmNvclzPd8mQnoHuIksj
Gabrielle,7rftfGIYEeZ79sLb58ZBDi
Ricky Martin,7slfeZO9LsJbWgpkIoXBUJ
Ronan Keating,3nlHsNqwCSvT988ZfSW1Yh
DJ Ötzi,0DR4z5jMA1eqx0CmHBUpkr
Melanie C,60vX3zLcdKRXvKLITVh5Df
Mariah Carey,4iHNK0tOyZPYnBU7nGAgpQ
Ruff Endz,7liFhc0PDIx8etigqd2WhW
Next,2MGT7CYlixSPxAnnkhLpaA
Everclear,694QW15WkebjcrWgQHzRYF
Mystikal,3LIJJJkO7R5RasRwt7xIn5
P!nk,1KCSPY1glIKqW2TotWuXOR
Mýa,6lHL3ubAMgSasKjNqKb8HF
Eiffel 65,64rxQRJsLgZwHHyWKB8fiF
Samantha Mumba,7L12TqJ0fbwtFljTbwfwRI
Kandi,0ThrQemMA2B8xxusTUl8IM
Marc Anthony,4wLXwxDeWQ8mtUIRPxGiD6
Madison Avenue,6otgz5gkB40UnWFwTy0VDh
S Club 7,1kM5rgJvkiDMOoKX56H6pX
Montell Jordan,0iVrCROxeyon7MZUW3MfzT
Bomfunk MC's,0NeC6ploeJUq8oDwYQjNPS
Savage Garden,3NRFinRTEqUCfaTTZmk8ek
Erykah Badu,7IfculRW2WXyzNQ8djX8WX
Carl Thomas,6I6t21SFbxZ7RbQgD5dN7U
Jagged Edge,7Aq8lpLMSt1Zxu56pe9bmp
Avant,0AunegKKH2ys98aLxq8G1A
Da Brat,2I1bnmb9VQEQGKHxvr0gSf
Enrique Iglesias,7qG3b048QCHVRO5Pv1T5lw
Moloko,4aaBjq7VqqQvpSF69GglvO
Matchbox Twenty,3Ngh2zDBRPEriyxQDAMKd1
Shaggy,5EvFsr3kj42KNv97ZEnqij
Kylie Minogue,4RVnAU35WRWra6OZ3CbbMA
Nelly Furtado,2jw70GZXlAI8QzWeY2bgRc
Shakira,0EmeFodog0BfCgMzAIvKQp
Jimmy Eat World,3Ayl7mCk0nScecqOzvNp6s
Train,3FUY2gzHeIiaesXtOAdB7A
Outkast,1G9G7WwrXka3Z1r7aIDjI7
Nickelback,6deZN1bslXzeGvOLaLMOIF
Weezer,3jOstUTkEu2JkjvRdBA5Gu
Daft Punk,4tZwfgrHOc3mvqYlEYSvVi
Mary J. Blige,1XkoF8ryArs86LZvFOkbyr
Alien Ant Farm,6TZdvF1kFzwnQLgHQynzsO
Incubus,3YcBF2ttyueytpXtEzn1Za
Eve,4d3yvTptO48nOYTPBcPFZC
Sum 41,0qT79UgT5tY4yudH9VfsdT
Dido,2mpeljBig2IXLXRAFO9AAs
John Mayer,0hEurMDQu99nJRq8pTxO14
Crazy Town,4iSKnRZAxkmqNok6tv10Se
Usher,23zg3TcAtWQy7J6upgbUnj
Enya,6uothxMWeLWIhsGeF7cyo4
Gorillaz,3AA28KZvwAUcZuOKwyblJQ
Uncle Kracker,2DnqqkzzDKm3vAoyHtn8So
P.O.D.,6KO6G41BBLTDNYOLefWTMU
Lenny Kravitz,5gznATMVO85ZcLTkE9ULU7
Travis,3bUwxJgNakzYKkqAVgZLlh
Missy Elliott,2wIVse2owClT7go1WT98tk
Five For Fighting,7FgMLbnZVrEnir95O0YujA
Blu Cantrell,6vytZ677lz4LzCrUDcDokM
Afroman,4Icvbp9RDt5aY2TWDOVDsr
D12,5Qi4Bb7a8C0a00NZcA77L0
Alicia Keys,3DiDSECUqqY1AuBP8qtaIa
Michael Jackson,3fMbdgg4jU18AjLCKBhRSm
Staind,5KDIH2gF0VpelTqyQS7udb
Ginuwine,7r8RF1tN2A4CiGEplkp1oP
Jennifer Lopez,2DlGxzQSjYe5N6G9nkYghR
Lifehouse,5PokPZn11xzZXyXSfnvIM3
Ja Rule,1J2VVASYAamtQ3Bt8wGgA6
The Strokes,0epOFNiUfyON9EYx7Tpr6V
Atomic Kitten,6JMHws5haIO6V35YNYDnDw
Lasgo,25Kw8f1zcn9VtUk5Nl3qrp
Jamiroquai,6J7biCazzYhU3gM9j1wfid
Blue,2yEkZBBjhzKzt6LF5XMaFi
112,7urq0VfqxEYEEiZUkebXT4
Janet Jackson,4qwGe91Bz9K2T8jXTZ815W
Trick Daddy,12FHARd9fY0Tu0ila4Ua25
The Supermen Lovers,08dJ0NJ9jMf8qdLmdhQ2yA
Geri Halliwell,5orH1OWgjAYUX8sZ5gihTv
Sunshine Anderson,0hnmRa5ahunapQbPjKUbMK
Case,5aEWnrN8h3MhuFUPRfaVuy
Aerosmith,7Ey4PD4MYsKc5I2dolUwbH
Rui Da Silva,1kx78nQhmITF7OFvivyN4v
Erick Sermon,2VX0o9LDIVmKIgpnwdJpOJ
Christina Milian,4eAOcbAXIF4BmbN6E1QIlw
2Pac,1ZwdS5xdxEREPySFridCfh
Sugar Ray,4uN3DsfENc7dp0OLO0FEIb
OPM,5X2XAU0eSvRPWUl9hUb9mV
3LW,2lFHVcUeJ9Gq6AZiU3ZAOa
Musiq Soulchild,3UVRliakQfa1pMWIsNuiZ8
Emma Bunton,2AEEnr6Le5zHzBwpnlZSmq
DB Boulevard,17jVKTope5TIJoBQBTzaxj
Basement Jaxx,4YrKBkKSVeqDamzBPWVnSJ
DJ Pied Piper & The Masters Of Ceremonies,7KMddxPqjqv0fiucwg0c3D
Ludacris,3ipn9JLAPI5GUEo4y4jcoi
Avril Lavigne,0p4nmQO2msCgU4IF37Wi3j
Vanessa Carlton,5ILrArfIV0tMURcHJN8Q07
The Calling,5aMmmNxw4vgpc5XC6hK0zp
No Doubt,0cQbJU1aAzvbEmTuljWLlF
Norah Jones,2Kx7MNY7cI1ENniW7vT30N
Fat Joe,3ScY9CQxNLQei8Umvpx5g6
Ashanti,5rkVyNGXEgeUqKkB5ccK83
Busta Rhymes,1YfEcTuGvBQ8xSD1f53UnK
Puddle Of Mudd,3dXaa6jwM7B52GZpaJEIr5
Diddy,59wfkuBoNyhDMQGCljbUbA
The Chicks,25IG9fa7cbdmCIy3OnuH57
Cam’ron,7iMvwE8qANp3aIfAGKEAwS
Chad Kroeger,7fJYw1vK9yWb8o51I8qHin
Big Tymers,4jWGfUCFeTu5e0wprRhHXR
Las Ketchup,1e8GEl48ktvfDpruMKB6Oe
Oasis,2DaxqgrOhkeH0fpeiQq2f4
DJ Sammy,4z4m1P0iX2nRSPDBEZ8LBT
Elvis Presley,43ZHCT0cAZBISjO8DG9PnE
Justin Timberlake,31TPClRtHm23RisEBtV3X7
Tweet,6zDBeei6hHRiZdAJ6zoTCo
Truth Hurts,0HCeK90YUyjWi0utTPYXw1
Mario,20s0P9QLxGqKuCsGwFsp7w
Sheryl Crow,4TKTii6gnOnUXQHyuo9JaD
Michelle Branch,5rScKX1Sh1U67meeUyTGwk
Khia,3q7isf09BuwXLyR2khBs60
Stereophonics,21UJ7PRWb3Etgsu99f8yo8
Sugababes,7rZNSLWMjTbwdLNskFbzFf
Default,4nCzT3o7lMgCWBcmdwCMsT
Marilyn Manson,2VYQTNDsvvKN9wmU5W7xpj
Alanis Morissette,6ogn9necmbUdCppmNnGOdi
Disturbing Tha Peace,3FsQX7FsrZAzTU9ah45P7O
Sean Paul,3Isy6kedDrgPYoTS1dazA9
The Goo Goo Dolls,2sil8z5kiy4r76CRTXxBCA
N.O.R.E.,4GMgdB3vwbBOc42hbXEi9p
Kelly Clarkson,3BmGtnKgCSGYIUhmivXKWX
Faith Evans,5NDMothbpdpq2xHqSjrrWn
Holly Valance,7gRmesSjINzb4xXApfMV5E
Liberty X,6htUPs3clIStnkvg5jimKZ
Darius,5mP5Rp8gRkB3tdxl2g9Smg
Madonna,6tbjWDEIzxoDsBA1FuhfPW
Delta Goodrem,2g6fa86fL6oLcoDqanBbuR
LL COOL J,1P8IfcNKwrkQP5xJWuhaOC
Daniel Bedingfield,11hIqBsGRPztdjBHCSLClX
A1,5lPsVvHVDr6R5mDxRUXdOs
Sophie Ellis-Bextor,2cBh5lVMg222FFuRU7EfDE
Will Young,2U6gqwyl9F33YxawnFrZG7
50 Cent,3q7HBObVc0L8jNeTe5Gofh
Beyoncé,6vWDO969PvNqNYHIOW5v0m
Counting Crows,0vEsuISMWAKNctLlUAhSZC
Black Eyed Peas,1yxSLGMDHlW21z4YXirZDS
The White Stripes,4F84IBURUo98rz4r61KF70
Evanescence,5nGIFgo0shDenQYSE0Sn7c
t.A.T.u.,2Q3eZMfDQgT8MhPowKFXYO
Audioslave,2ziB7fzrXBoh1HUPS6sVFn
Baby Bash,12PSlydMSjEHzSCj9X5qv7
Three Days Grace,2xiIXseIJcq3nG7C8fHeBj
Trapt,1UdQqCUR7RwB9YYJONwbdM
The Darkness,5r1bdqzhgRoHC3YcCV6N5a
Good Charlotte,5aYyPjAsLj7UzANzdupwnS
Jamelia,3f5W9NEwkc1SAIPFuumcaf
Chingy,3s2wTjWxK8NOX09dmsvVOh
Kid Rock,7dOBabd5O4CvKrg4iriHTM
Pharrell Williams,2RdwBSPQiwcmiDo9kixcl8
Fabolous,0YWxKQj2Go9CGHCp77UOyy
Snoop Dogg,7hJcb9fa4alzcOq3EaNPoG
Benny Benassi,4Ws2otunReOa6BbwxxpCt6
Wayne Wonder,3kc5AFnL1TQQdNaMdSW2UO
Monica,6nzxy2wXs6tLgzEtqOkEi2
Lumidee,1IO0GVa1xjkFMXsg66FiE9
The Roots,78xUyw6FkVZrRAtziFdtdu
Switchfoot,6S58b0fr8TkWrEHOH4tRVu
Tyrese,08p7B5OtcUuVblvkQIlBhJ
Nas,20qISvAhX20dpIbOOzGK3q
Ultrabeat,596ByjVYnslGJIHxEBGjF8
Mis-Teeq,6csA2rxNLkQJXeEa7lyGXn
Floetry,0un6YenPxWZ2VW4aFGMupM
Junior Senior,7xNPROyVfkH4mcIxxCxySm
Room 5,0AEbDFXbsssoSoC3pj91eq
Lil' Kim,5tth2a3v0sWwV1C7bApBdX
Simply Red,1fa0cOhromAZdq2xRA4vv8
Jaheim,4sbB4Yy6Qig51pKCIKSLw3
Electric Six,4xNadaO5ZZLVJdqDIVVIua
Youngbloodz,2OqENqJFXPORP4BUGnu2Qq
B2K,51d3rUlLuMh7EW09aMe7yj
Kelly Rowland,3AuMNF8rQAKOzjYppFNAoB
Panjabi MC,74D1UgRzMhTSPz698exXmR
Maroon 5,04gDigrS5kc9YWfZHwBETP
Hoobastank,2MqhkhX4npxDZ62ObR5ELO
The Killers,0C0XlULifJtAgn6ZNCW2eu
Daddy Yankee,4VMYDCV2IEDYJArk749S6m
Franz Ferdinand,0XNa1vTidXlvJ2gHSsRi4A
Green Day,7oPftvlwr6VrsViSDV7fJY
Kanye West,5K4W6rqBFWDnAN6FQUkS6x
Keane,53A0W3U0s8diEn9RhXQhVz
Jet,5ypxebeHEIXjMtJb17uJlI
Eric Prydz,5sm0jQ1mq0dusiLtDJ2b4R
Juanes,0UWZUmn7sybxMCqrw9tGa7
Mario Winans,4BIQA9vRkqXEnA2twmq7mU
Twista,6vbY3hOaCAhC7VjucswgdS
The Rasmus,76ptJV8617638xrpeoUtzl
Kevin Lyttle,1GaBsp1ICIp1e6udgE7fba
Tim McGraw,6roFdX1y5BYSbp60OTJWMd
Ciara,2NdeV5rLm47xAvogXrYhJX
Petey Pablo,4Js9eYwAf9rypNtV8pNSw9
Nina Sky,6eBYLQONaYZhZNAVK061t6
Gary Jules,5oRnbmgqvvq7fVlgk4vcEa
JoJo,5xuNBZoM7z1Vv8IQ6uM0p6
Terror Squad,2BvzbqWWwLN11XGBYgDZzx
Akon,0z4gvV4rjIZ9wHck67ucSV
Spiderbait,6P7kkhED6EPrfoZuxz20Fo
T.I.,4OBJLual30L7gRl5UkeRcT
Eamon,1y20PpXw0yeuJ1avCD0Ob9
The Shapeshifters,60FV7KyxIH9FH1uq7u8inP
Anastacia,2siHvYaxjaW5rKVRiIrMYH
Natasha Bedingfield,7o95ZoZt5ZYn31e9z1Hc0a
JUVENILE,0rG0AZBscc8S8q1ahIsasI
Lil' Flip,4Q5sPmM8j4SpMqL4UA1DtS
Ying Yang Twins,44PA0rCQXikgOWbfY7Fq7m
G-Unit,6evKD5JWJON3qPBJtUEmtY
Lloyd,1Xfmvd48oOhEWkscWyEbh9
Houston,5yCd7bxcAc3MdQ1h54ESsD
Special D.,4EViwTsUibZWyo1K5EgrJt
Lloyd Banks,3vDUJHQtqT3jFRZ2ECXDTi
LMC,69QKcDt724e93ZYkBSjsYP
The Streets,4GvOygVQquMaPm8oAc0vXi
J-Kwon,1Zz5UxfKSSqc6hpa3xJPCw
George Michael,19ra5tSw0tWufvUp8GotLo
Rise Against,6Wr3hh341P84m3EI8qdn9O
Gwen Stefani,4yiQZ8tQPux8cPriYMWUFP
Girls Aloud,12EtLdLfJ41vUOoVzPZIUy
O-Zone,5M5PjPSiKeXynM6Ohu350r
Katie Melua,5uCXJWo3WoXgqv3T1RlAbh
Gavin DeGraw,5DYAABs8rkY9VhwtENoQCz
N.E.R.D,5wPoxI5si3eJsYYwyXV4Wi
Ashlee Simpson,4hqDqHtBlgxXpLXVYf7c8L
Kelis,0IF46mUS8NXjgHabxk2MCM
Sia,5WUlDfRSoLAfcVSX1WnrxN
Scissor Sisters,3Y10boYzeuFCJ4Qgp53w6o
Jessica Simpson,2tFN9ubMXEhdAQvdQxcsma
McFly,47izDDvtOxxz3FzHYuUptd
Rihanna,5pKCCKE2ajJHZ9KAiaK11H
James Blunt,7KMqksf0UMdyA0UCf4R3ux
The Pussycat Dolls,6wPhSqRtPu1UhRCDX5yaDJ
Daniel Powter,7xTcuBOIAAIGDOSvwYFPzk
The Game,0NbfKEOTQCcwd6o7wSDOHI
Fall Out Boy,4UXqAaa6dQYAk18Lv7PEgX
Thirty Seconds To Mars,0RqtSIYZmd4fiBKVFqyIqD
Foo Fighters,7jy3rLJdDQY21OgRLCZ9sD
Chris Brown,7bXgB6jMjp9ATFy66eO08Z
Fort Minor,7dWYWUbO68rXJOcyA7SpJk
KT Tunstall,5zzrJD2jXrE9dZ1AklRFcL
Jesse McCartney,2Hjj68yyUPiC0HKEOigcEp
Jack Johnson,3GBPw9NK25X1Wt2OUvOwY3
Crazy Frog,4J3wzDMI97AlGimdiVcaLb
T-Pain,3aQeKQSyrW4qWr35idm0cy
Toby Keith,2bA6fzP0lMAQ4kz6CF61w8
Lil Jon & The East Side Boyz,3ciRvbBIVz9fBoPbtSYq4x
Bow Wow,7352aRY2mqSxBZwzUb6LmA
Jeezy,4yBK75WVCQXej1p04GWqxH
Bobby V.,4HgF4KnohByNElYid7iCNb
Howie Day,0ekbDNE2eOq8QiaXM34wer
John Legend,5y2Xq6xcjJb2jVM54GHK3t
Death Cab for Cutie,0YrtvWJMgSdVrk3SfNjTbx
The All-American Rejects,3vAaWhdBR38Q02ohXqaNHT
Pretty Ricky,6XwcepfAsPhrvwziGxhwju
D4L,4AllEJE7mVkhhyUV6DjqPz
Ray J,6gbGGM0E8Q1hE511psqxL0
The Chemical Brothers,1GhPHrq36VKCY3ucVaZCfo
Michael Bublé,1GxkXlMwML1oSg5eLPiAz3
Ryan Cabrera,3C4t1usFGoKHCSRdujm2GN
Arctic Monkeys,7Ln80lUS6He07XvHI8qqHH
Papa Roach,4RddZ3iHvSpGV4dvATac9X
The Click Five,01lz5VBfkMFDteSA9pKJuP
Rob Thomas,3aBkeBhwadnWMWoVJ2CxJC
The Coral,6OiHleP2bHM18dXq4aZQWt
Bodyrockers,5GJmQjUNRyNQ2VZ4HOIx1C
Amy Winehouse,6Q192DXotxtaysaqNPy5yR
Gnarls Barkley,5SbkVQYYzlw1kte75QIabH
Snow Patrol,3rIZMv9rysU7JkLzEaC5Jp
The Fray,0zOcE3mg9nS6l3yxt1Y0bK
Ne-Yo,21E3waRsmPlU7jZsS13rcj
My Chemical Romance,7FBcuc1gsnv6Y1nwFtNRCb
Keyshia Cole,1vfezMIyCr4XUdYRaKIKi3
Muse,12Chz98pHFMPJEknJQMWvI
Corinne Bailey Rae,29WzbAQtDnBJF09es0uddn
Cassie,27FGXRNruFoOdf1vP8dqcH
Rascal Flatts,0a1gHP0HAqALbEyxaD5Ngn
Panic! At The Disco,20JZFwl6HVl6yg8a4H3ZqK
Cascada,0N0d3kjwdY2h7UVuTdJGfp
Chamillionaire,6vdMPayKk8YJxxeNP5oMCb
The Notorious B.I.G.,5me0Irg2ANcsgc93uaYrpb
Paolo Nutini,7x5rK9BClDQ8wmCkYAGsQp
Bob Sinclar,5YFS41yoX0YuFY39fq21oN
Lil Jon,7sfl4Xt5KmfyDs2T3SVSMK
Cherish,1c70yCa8sRgIiQxl3HOEFo
Yung Joc,23LbwefIODbyGdRbAz3urj
Fergie,3r17AfJCCUqC9Lf0OAc73G
Armand Van Helden,3cQA9WH8liZfeja1DxcDYE
The Fratellis,3M4ThdJR28z9eSMcQHAZ5G
E-40,3crnzLy8R4lVwaigKEOz7V
Bubba Sparxxx,3RPYHNSwe3w0mtfJwKIN9P
Lily Allen,13saZpZnCDWOI9D4IJhp1f
The Kooks,1GLtl8uqKmnyCWxHmw9tL4
Sandi Thom,3xnfpcM4DC9zeHVuDhYICB
Dem Franchize Boyz,0VKTLKamj4IH8OfQbUL0kq
Infernal,2nnBn2iyqkuOBj85nhGp1k
Shayne Ward,6H4lieipng8aGu3Hbd1UeJ
Jibbs,4USNIVeRwXIAdbVSTqelbh
Leona Lewis,5lKZWd6HiSCLfnDGrq9RAm
The Raconteurs,4wo1267SJuUfHgasdlfNfc
The Feeling,4AksvCnkZaQoTu1nJr62Db
James Morrison,3LpLGlgRS1IKPPwElnpW35
Timbaland,5Y5TRrQiqgUO4S36tzjIRZ
Mark Ronson,3hv9jJF3adDNsBSIQDqcjp
Plain White T's,1g1yxsNVPhMUl9GrMjEb2o
Carrie Underwood,4xFUf1FHVy696Q1JQZMTRj
Sean Kingston,6S0dmVVn4udvppDhZIWxCr
All Time Low,46gyXjRIvN1NL1eCB8GBxo
The Red Jumpsuit Apparatus,1SImpQO0GbjRgvlwCcCtFo
Paramore,74XFHRwlV6OrjEM0A2NCMF
Alex Gaudino,7vb7VLDqpLTlAy1ctTMR5d
Soulja Boy,6GMYJwaziB4ekv1Y6wCDWS
Finger Eleven,0niJkG4tKkne3zwr7I8n9n
Seether,6B5c4sch27tWHAGdarpPaW
Colbie Caillat,6aZyMrc4doVtZyKNilOmwu
Ida Corr,30ut8L4gmEz4vNr1zNhpbh
Klaxons,2qlAMLpUyBjZgnzuFXXZXI
J. Holiday,7G6hXrjGpi6I7waNl4wxAk
Scouting For Girls,2wpJOPmf1TIOzrB9mzHifd
Robin Thicke,0ZrpamOxcZybMHGg1AYtHP
Shop Boyz,3v3clM1KQgVfpPjKJFPAmx
Plies,3jksrX4oBklxR78ft8gv3j
Boys Like Girls,0vWCyXMrrvMlCcepuOJaGI
Rich Boy,6mXlDbi03T8wXYwWYew0Ut
Bone Thugs-N-Harmony,5spEJXLwD1sKUdC2bnOHPg
MIKA,5MmVJVhhYKQ86izuGHzJYA
Kaiser Chiefs,0LbLWjaweRbO4FDKYlbfNt
T2,4Q5MS10mWfrDyiXVeAAzVd
Omarion,0f5nVCcR06GX8Qikz0COtT
Elliott Yamin,4am1I89OWXUzFh4ctRLkdd
MiMS,76RrKpsvOmSKG8CIjROdSG
Hellogoodbye,6GH0NzpthMGxu1mcfAkOde
Baby Boy Da Prince,15Y1yUEchPPl4w20CLvFyb
Calvin Harris,7CajNmpbOovFoOoasH2HaY
Wyclef Jean,7aBzpmFXB4WWpPl2F7RjBe
Gym Class Heroes,4IJczjB0fJ04gs4uvP0Fli
Jim Jones,6AMa1VFQ7qCi61tCRtVWXe
Huey,33wbkdcxtduHKY53LnI1Hf
September,6VX2R9L0O0d6qPvqGuIH7b
Flo Rida,0jnsk9HBra6NMjO2oANoPY
Katy Perry,6jJ0s89eD6GaHleKKya26X
Kings of Leon,2qk9voo8llSGYcZ6xrBzKx
The Offspring,5LfGQac0EIXyAN8aUwmNAQ
MGMT,0SwO7SWeDHJijQ3XNS7xEE
Estelle,5T0MSzX9RC5NA6gAI6irSn
M.I.A.,0QJIPDAEDILuo8AIq3pMuU
Cage The Elephant,26T3LtbuGT1Fu9m0eRq5X3
Guru Josh Project,4ME85YvMUi1hdqhbind7gy
Kardinal Offishall,5P2rwRBgIN450RaJxdjYdA
Sara Bareilles,2Sqr0DXoaYABbjBo9HaMkM
Lil Wayne,55Aa2cqylxrFIXC767Z865
Bon Iver,4LEiUm1SRbFMgfqnQTwUbQ
Adele,4dpARuHxo51G3z768sgnrY
Miley Cyrus,5YGY8feqx7naU7z4HrwZM6
Jordin Sparks,2AQjGvtT0pFYfxR3neFcvz
Saving Abel,2AVVj8ezW2mJ0v8u7XydiF
Jonas Brothers,7gOdHgIoIKoe4i9Tta6qdD
Metro Station,7vXwfZyDp3spzIVNXDaTPN
Vampire Weekend,5BvJzeQpmsdsFp4HGUYUEx
Basshunter,37DdwREpvvQHmGLFEZ4h0Q
Dizzee Rascal,0gusqTJKxtU1UTmNRMHZcv
David Archuleta,2C9n4tQgNLhHPhSCmdsQnk
Secondhand Serenade,6eouuqqGggqDlYRV63cgPo
Trey Songz,2iojnBLj0qIMiKPvVhLnsH
The Script,3AQRLZ9PuTAozP28Skbq8V
The-Dream,1W3FSF1BLpY3hlVIgvenLz
Alexandra Burke,6yZoNdsPrYLviaEOOzbZt8
Lupe Fiasco,01QTIT5P1pFP3QnnFSdsJf
Michael Franti & Spearhead,1mHuZMOP8FG5ip4yAb1vrB
Alphabeat,7Defmv25Kj9knpobhHIghm
Colby O'Donis,7fObcBw9VM3x7ntWKCYl0z
Madcon,6c4sUNBgdonFJz8Kx2VsGz
OneRepublic,5Pwc4xIPtQLFEnJriah9YJ
Jennifer Hudson,35GL8Cu2GKTcHzKGi75xl5
Duffy,37NqXwtb6nIEqRt4EJSoIO
Lady Gaga,1HY2Jd0NmPuamShAr6KMms
David Guetta,1Cs0zKBU1kc0i8ypK3B9ai
Taylor Swift,06HL4z0CvFAxyc27GXpf02
Jason Mraz,4phGZZrJZRo4ElhRtViYdl
Empire of the Sun,67hb7towEyKvt5Z8Bx306c
Jay Sean,4pADjHPWyrlAF0FA7joK2H
Skillet,49bzE5vRBRIota4qeHtQM8
Drake,3TVXtAsR1Inumwj472S9r4
La Roux,3K2zB87GZv1krx031en5VA
Kid Cudi,0fA0VVWsXO9YnASrzqfmYu
Florence + The Machine,1moxjboGR7GNWYIMWsRjgG
Mumford & Sons,3gd8FJtBJtkRxdfbTu19U2
Justin Bieber,1uNFoZAHBGtllmzznpCI3s
3OH!3,0FWzNDaEu9jdgcYTbcOa4F
Pitbull,0TnOYISbd1XYRBk9myaseg
Shinedown,70BYFdaZbEKbeauJ670ysI
Jeremih,3KV3p5EY4AvKxOlhGHORLg
Jason Derulo,07YZf4WDAMNwqr4jfgOZ8y
Jamie Foxx,7LnaAXbDVIL75IVPnndf7w
Keri Hilson,63wjoROpeh5f11Qm93UiJ1
Jason Aldean,3FfvYsEGaIb52QPXhg4DcH
The Temper Trap,4W48hZAnAHVOC2c8WH8pcq
Kasabian,11wRdbnoYqRddKBrpHt4Ue
Kevin Rudolf,0Chxmm4XMM87mJOHvyiUzL
Cobra Starship,2aYJ5LAta2ScCdfLhKgZOY
Agnes,6SsTlCsuCYleNza6xGwynu
A.R. Rahman,1mYsTxnqsietFxj1OgoGbG
The xx,3iOvXCl6edW5Um0fXEBRXy
Selena Gomez & The Scene,6dJeKm76NjfXBNTpHmOhfO
The Veronicas,1dIdBZaaHRW2bDTkHNfWln
Phoenix,1xU878Z1QtBldR7ru9owdU
Maxwell,2AOt5htsbtyaHd5Eq3kl3j
Asher Roth,1wgY8huggK60P5nvYrwcYT
The Prodigy,4k1ELeJKT1ISyDv8JivPpB
Tinchy Stryder,7h2Y48bG543JDzEed383cx
Bruno Mars,0du5cEVh5yTK9QJze8zA0C
Stromae,5j4HeCoUlzhfWtjAfM1acR
Kesha,6LqNN22kT3074XbTVUrhzX
Taio Cruz,6MF9fzBmfXghAz953czmBC
Don Omar,33ScadVnbm2X8kkUqOkC6Z
Owl City,07QEuhtrNmmZ0zEcqE9SF6
B.o.B,5ndkK3dpZLKtBklKjxNQwT
Mike Posner,2KsP6tYLJlTBvSUxnwlVWa
Iyaz,5tKXB9uuebKE34yowVaU3C
Travie McCoy,7o9Nl7K1Al6NNAHX6jn6iG
Two Door Cinema Club,536BYVgOnRky0xjsPT96zl
Far East Movement,698hF4vcwHwPy8ltmXermq
Neon Trees,0RpddSzUHfncUWNJXKOsjy
Young Money,5OrB6Jhhrl9y2PK0pSV4VP
Shontelle,4M6Z1wubeKtwPqbjJygTOc
Aloe Blacc,0id62QV2SZZfvBn9xpmuCl
Edward Maya,6XwwFnewNgWp81MYMK8zLq
The Band Perry,75FnCoo4FBxH5K1Rrx0k5A
Cali Swag District,1EeArivTpzLNCqubV95255
DJ Fresh,6r20qOqY7qDWI0PPTxVMlC
Sugarland,0hYxQe3AK5jBPCr5MumLHD
Lady A,32WkQRZEVKSzVAAYqukAEA
Yolanda Be Cool,4KkHjCe8ouh8C2P9LPoD4F
Ellie Goulding,0X2BH1fck6amBIoJhDVmmJ
CeeLo Green,5nLYd9ST4Cnwy6NHaCxbj8
Example,6Vh6UDWfu9PUSXSzAaB3CW
K'NAAN,7pGyQZx9thVa8GxMBeXscB
Adam Lambert,6prmLEyn4LfHlD9NnXWlf7
Robyn,6UE7nl9mha6s8z0wFQFIZ2
Waka Flocka Flame,6f4XkbvYlXMH0QgVRzW0sM
Swedish House Mafia,1h6Cn3P4NGzXbaXidqURXs
Take That,1XgFuvRd7r5g0h844A5ZUQ
Glee Cast,0SCbttzoZTnLFebDYmAWCm
Duck Sauce,0q8J3Yj810t5cpAYEJ7gxt
Tim Berg,7iLc4hrjOjQPfg1E3cCHg1
The Saturdays,15qI5w4XJFLRMwOp2VrlD5
The Wanted,2NhdGz9EDv2FeUw6udu2g1
Kris Allen,2zwHaEmXxX6DTv4i8ajNCM
DJ Khaled,0QHgL1lAIqAw0HtD7YldmP
LMFAO,3sgFRtyBnxXD5ESfmbK4dl
Miguel,360IAlyVv4PCEVjgyMZrxK
Foster The People,7gP3bB2nilZXLfPHJhMdvc
Christina Perri,7H55rcKCfwqkyDFH9wpKM6
Nicki Minaj,0hCNtLu0JehylgoiP8L4Gh
Grouplove,3kVUvbeRdcrqQ3oHk5hPdx
Wiz Khalifa,137W8MRPWKqSmrBGDBFSop
Ed Sheeran,6eUKZXaKkcviH0Ku9w2n3V
Eric Church,2IvkS5MXK0vPGnwyJsrEyV
Hot Chelle Rae,6jTnHxhb6cDCaCu4rdvsQ0
Birdy,2WX2uTcsvV5OnS0inACecP
M83,63MQldklfxkjYDoUE4Tppz
Bad Meets Evil,77IURH5NC56Jn09QHi76is
Diddy - Dirty Money,2QYEvpsWUOjqaYuxDPTCmV
Alexandra Stan,0BmLNz4nSLfoWYW1cYsElL
Blake Shelton,1UTPBmNbXNTittyMJrNkvw
Lykke Li,6oBm8HB0yfrIc9IHbxs6in
Charlene Soraia,0qk8MxMzgnfFECvDO3cc0X
Jessie J,2gsggkzM5R49q6jpPvazou
Olly Murs,3whuHq0yGx60atvA2RCVRW
Chase & Status,3jNkaOXasoc7RsxdchvEVq
Labrinth,2feDdbD5araYcm6JhFHHw7
Mac Miller,4LLpKhyESsyAXpc4laK94U
Rizzle Kicks,2ajhZ7EA6Dec0kaWiKCApF
Nicole Scherzinger,40xbWSB4JPdOkRyuTDy1oP
Noah And The Whale,0aeLcja6hKzb7Uz2ou7ulP
Carly Rae Jepsen,6sFIWsNpZYqfjUpaCgueju
fun.,5nCi3BB41mBaMH9gfr6Su0
Frank Ocean,2h93pZq0e7k5yf4dywlkpM
One Direction,4AK6F7OLvEQ5QYCBNiQWHq
Avicii,1vCWHaC5f2uS3yhpwWbIA6
James Arthur,4IWBUUAFIplrNtaOHcJPRM
Gotye,2AsusXITU8P25dlRNhcAbG
Phillip Phillips,6p5JxpTc7USNnBnLzctyd4
The Lumineers,16oZKvXb6WkQlVAjwo2Wbg
PSY,2dd5mrQZvg6SmahdgVKDzh
MARINA,6CwfuxIqcltXDGjfZsMd9A
alt-J,3XHO7cRUPCLOr6jwp8vsx5
Disclosure,6nS5roXSAGhTGr34W6n7Et
Kendrick Lamar,2YZyLoL8N0Wb9xBt1NhZWg
Demi Lovato,6S2OmqARrzebs0tKUEyXyp
Azealia Banks,7gRhy3MIPHQo5CXYfWaw9I
Skrillex,5he5w2lnU9x7JFhnwcekXX
Icona Pop,1VBflYyxBhnDc9uVib98rw
Of Monsters and Men,4dwdTW1Lfiq0cM8nBAqIIz
Imagine Dragons,53XhwfbYqKCa1cC15pYq2q
Grimes,053q0ukIDRgzwTr4vNSwab
Otto Knows,5fahUm8t5c0GIdeTq0ZaG8
Passion Pit,7gjAu1qr5C2grXeQFFOGeh
Asaf Avidan,7t51dSX8ZkKC7VoKRd0lME
Little Mix,3e7awlrlDSwF3iM0WBjGMp
Lana Del Rey,00FQb4jTyendYWaN8pK0wa
Michel Teló,1sDVuztNhGcetCLChkleDA
Cher Lloyd,4m4SfDVbF5wxrwEjDKgi4k
Lorde,163tK9Wjr9P9DmM0AVK7lm
Macklemore & Ryan Lewis,5BcAKTbp20cv7tC5VqPFoC
Tom Odell,2txHhyCwHjUEpJjWrEyqyX
The Neighbourhood,77SW9BnxLY8rJ0RciFqkHh
Capital Cities,4gwpcMTbLWtBUlOijbVpuu
Kodaline,4BxCuXFJrSWGi1KHcVqaU4
Childish Gambino,73sIBHcqh3Z3NyqHKZ7FOL
will.i.am,085pc2PYOi8bGKj0PNjekA
J. Cole,6l3HvQ5sa6mXTsMTB19rO5
Passenger,0gadJ2b9A4SKsB1RFkBb66
A$AP Rocky,13ubrt8QOOCPljQ2FL1Kca
Zedd,2qxJFvFYMEDqd7ui6kSAcq
Bastille,7EQ0qTo7fWT7DPxmxtSYEc
AWOLNATION,4njdEjTnLfcGImKZu1iSrz
Bridgit Mendler,4VhL8KLjVso4vLfOLVViTb
2 Chainz,17lzZA2AlOHwCwFALHttmp
Selena Gomez,0C8ZW7ezQVs4URX5aX7Kqx
Armin van Buuren,0SfsnGyD8FpIN4U4WCkBZ5
John Newman,34v5MVKeQnIo0CWYMbbrPf
Ariana Grande,66CXWjxzNUsdJxJ2JdwvnR
Sebastian Ingrosso,6hyMWrxGBsOx6sWcVj1DqP
Ylvis,2lEOFtf3cCyzomQcMHJGfZ
The 1975,3mIj9lX2MWuHmhNCA7LSCW
Wale,67nwj3Y5sZQLl72VNUHEYE
Martin Garrix,60d24wfXkVzDSfLS6hyCjZ
Duke Dumont,61lyPtntblHJvA7FMMhi7E
Florida Georgia Line,3b8QkneNDz4JHKKKlLgYZg
Iggy Azalea,5yG7ZAZafVaAlMTeBybKAL
Sam Smith,2wY79sveU1sp5g7SokKOiI
MAGIC!,0DxeaLnv6SyYk2DOqkLO8c
Meghan Trainor,6JL8zeS1NmiOftqZTRgdTz
Paloma Faith,4fwuXg6XQHfdlOdmw36OHa
MKTO,2l35CQqtYRh3d8ZIiBep4v
Vance Joy,10exVja0key0uqUkk6LJRT
George Ezra,2ysnwxxNtSgbb9t1m2Ur4j
Rixton,0kkxsdcaWmWU2yWAqclDh4
American Authors,0MlOPi3zIDMVrfA9R04Fe3
Mr. Probz,33W1pnW9zScZtYTnAoWnOT
Nico & Vinz,0awl5piYwO0CDTHEkCjUhn
ScHoolboy Q,5IcR3N7QB1j6KBL8eImZ8m
Becky G,4obzFoKoKRHIphyHzJ35G3
Idina Menzel,73Np75Wv2tju61Eo9Zw4IR
Alex & Sierra,58MLl9nC29IXbE4nEtuoP2
Echosmith,1PbBg2aYjWLKRk84zJK15x
A Great Big World,5xKp3UyavIBUsGy3DQdXeF
Milky Chance,1hzfo8twXdOegF3xireCYs
Lilly Wood and The Prick,50OApTJurDusIo9dGTqSU4
Tove Lo,4NHQUGzhtTLFvgF5SZesLK
Route 94,1dgdvbogmctybPrGEcnYf6
Tinashe,0NIIxcxNHmOoyBx03SfTCD
Bobby Shmurda,34Y0ldeyUv7jBvukWOGASO
Clean Bandit,6MDME20pz9RveH9rEXvrOM
5 Seconds of Summer,5Rl15oVamLq7FbSb0NNBNy
DJ Snake,540vIaP2JwjQb9dm3aArA4
Kid Ink,6KZDXtSj0SzGOV705nNeh3
Oliver Heldens,5nki7yRhxgM509M5ADlN1p
Cold War Kids,6VDdCwrBM4qQaGxoAyxyJC
Natalie La Rose,2qdONMCoDngQk0eV4Avs1i
Tiësto,2o5jDhtHVPhrJdv3cEQ99Z
Sheppard,6VxCmtR7S3yz4vnzsJqhSV
Nick Jonas,4Rxn7Im3LGfyRkY2FlHhWi
Rita Ora,5CCwRZC6euC8Odo6y9X8jr
Kiesza,4zxvC7CRGvggq9EWXOpwAo
G.R.L.,3Yl4nkmEa8BSuGWbwhdLDq
The Chainsmokers,69GGBxA162lTqCwzJG5jLp
ZHU,28j8lBWDdDSHSSt5oPlsX2
O.T. Genasis,1Zatb2YN4erBOoSivOXc0o
Major Lazer,738wLrAtLtCtFOLvQBXOXp
The Weeknd,1Xyo4u8uXC1ZmMpatF05PJ
Twenty One Pilots,3YQKmKGau1PzlVlkL1iodx
Tame Impala,5INjqkS1o8h1imAzPqGZBb
Bryson Tiller,2EMAnMvWE2eb56ToJVfCWs
WALK THE MOON,6DIS6PRrLS3wbnZsf7vYic
BØRNS,1KP6TWI40m7p3QBTU6u2xo
KALEO,7jdFEYD2LTYjfwxOdlVjmc
R. City,4TH4BHy0LdBi3dpBW4P2UX
Zara Larsson,1Xylc3o4UrD53lo9CvFvVg
Hozier,2FXC3k01G6Gw61bmprjgqS
Rob $tone,2hWs22BmQkK4czFtDLnar2
Rachel Platten,3QLIkT4rD2FMusaqmkepbq
Robin Schulz,3t5xRXzsuZmMDkQzgOX35S
X Ambassadors,3NPpFNZtSTHheNBaWC82rB
Shawn Mendes,7n2wHs1TKAczGzO7Dd2rGr
Kygo,23fqKkggKUBHNkbKtXEls4
Big Sean,0c173mlxpT3dSFRgMO8XPh
Galantis,4sTQVOfp9vEMCemLw50sbu
Fetty Wap,6PXS4YHDkKvl1wkIl4V8DL
Jack Ü,1HxJeLhIuegM3KgvPn8sTa
Fifth Harmony,1l8Fu6IkuTP0U5QetQJ5Xt
Travis Scott,0Y5tJX1MQlPlqiwlOH1tJY
Thomas Rhett,6x2LnllRG5uGarZMsD4iO8
Elle King,3bhu7P5PfngueRHiB9hjcx
Felix Jaehn,4bL2B6hmLlMWnUEZnorEtG
Pia Mia,1BhWF9W2PngtPSyobKg0rP
Rae Sremmurd,7iZtZyCzp3LItcw1wtPI3D
The Strumbellas,6ujr1NkqbZpYOhquczUUfl
Andy Grammer,2oX42qP5ineK3hrhBECLmj
Snakehips,2FwJwEswyIUAljqgjNSHgP
Hailee Steinfeld,5p7f24Rk5HkUZsaS3BLG5F
Joel Adams,36jaGQtMj5UWD0eO1fCVdD
James Bay,4EzkuveR9pLvDVFNx6foYD
Deorro,6VD4UEUPvtsemqD3mmTqCR
Alessia Cara,2wUjUUtkb5lvLKcGKsKqsR
Petit Biscuit,6gK1Uct5FEdaUWRWpU4Cl2
Meek Mill,20sxb77xiYeusSH8cVdatc
OMI,5MouCg6ta7zAxsfMEbc1uh
Jonas Blue,1HBjj22wzbscIZ9sEb5dyf
Desiigner,7pFeBzX627ff0VnN6bxPR4
WILLOW,3rWZHrfrsPBxVy692yAIxF
DNCE,6T5tfhQCknKG4UnH90qGnz
Calum Scott,6ydoSd3N2mwgwBHtF6K7eX
Lukas Graham,25u4wHJWxCA9vO0CzxAbK7
Alan Walker,7vk5e3vY1uw9plTHJAMwjN
G-Eazy,02kJSzxNuaWGqwubyUba0Z
ZAYN,5ZsFI1h6hIdQRw2ti0hz81
gnash,3iri9nBFs9e4wN7PLIetAw
Kungs,7keGfmQR4X5w0two1xKZ7d
Post Malone,246dkjvS1zLTtiykXe5h60
Tory Lanez,2jku7tDXc6XoB6MO2hFuqg
Future,1RyvyyTE3xzB2ZywiAwp0i
Alok,0NGAZxHanS9e0iNHpR8f2W
Daya,6Dd3NScHWwnW6obMFbl1BH
James TW,0B3N0ZINFWvizfa8bKiz4v
Ruth B.,2WzaAvm2bBCf4pEhyuDgCY
Astrid S,3AVfmawzu83sp94QW7CEGm
Marshmello,64KEffDW9EtZ1y2vBYgq8T
Burak Yeter,4ON1ruy5ijE7ZPQthbrkgI
Mike Perry,6lB8vOoI4DRrrVxXwuV19c
SAYGRACE,6y5amJcTjeDgLXIjtQLMst
Charlie Puth,6VuMaDnrHyPL1p4EHjYLi7
Kevin Gates,1gPhS1zisyXr5dHTYZyiMe
Jon Bellion,50JJSqHUf2RQ9xsHs0KMHg
Flume,6nxWCVXbOlEVRexSbLsTer
Maggie Rogers,4NZvixzsSefsNiIqXn0NDe
MØ,0bdfiayQAKewqEvaU6rXCv
Dua Lipa,6M2wZ9GZgrQXHCFfjv46we
Fitz and The Tantrums,4AcHt3JxKy59IX7JNNlZn4
NEIKED,5H6xmHXjsq98NLbEjuE29f
Luis Fonsi,4V8Sr092TqfHkfAA5fXXqG
Machine Gun Kelly,6TIYQ3jFPwQSRmorSezPxX
Camila Cabello,4nDoRrQiYLoBzwC5BhVJzF
XXXTENTACION,15UsOTVnJzReFVN1VCnxy4
Billie Eilish,6qqNVTkY8uBg9cP3Jd7DAH
Harry Styles,6KImCVD70vtIoJWnq6nGn3
Lil Uzi Vert,4O15NlyKLIASxsJ0PrXPfz
French Montana,6vXTefBL93Dj5IqAWq6OTv
Chord Overstreet,5D3muNJhYYunbRkh3FKgX0
Khalid,6LuN9FCkKOj5PcnpouEgny
Rag'n'Bone Man,4f9iBmdUOhQWeP7dcAn1pf
Axwell /\ Ingrosso,2XnBwblw31dfGnspMIwgWz
Playboi Carti,699OTQXzgjhIYAHMy9RyPD
A Boogie Wit da Hoodie,31W5EY0aAly4Qieq6OFu6I
21 Savage,1URnnhqYAYcrqrcwql10ft
SZA,7tYKF4w9nC0nq9CsPZTHyP
Lil Peep,2kCcBybjl3SAtIcwdWpUe3
Portugal. The Man,4kI8Ie27vjvonwaB2ePh8T
Logic,4xRYI6VqpkE3UwrDrAZL8L
Russ,1z7b1Pr1rSlvWRzsW3HOrS
Julia Michaels,0ZED1XzwlLHW4ZaG4lOT6m
Natti Natasha,1GDbiv3spRmZ1XdM1jQbT7
Niall Horan,1Hsdzj7Dlq2I7tHP7501T4
Macklemore,3JhNCzhSMTxs9WLGJJxWOY
Migos,6oMuImdp5ZcFhWP0ESe6mG
A$AP Ferg,5dHt1vcEm9qb8fCyLcB3HL
J Balvin,1vyhD5VmyZ7KMfW5gqLgo5
Aminé,3Gm5F95VdRxW3mqCn8RPBJ
Kodak Black,46SHBwWsqBkxI7EeeBEQG7
Cardi B,4kYSro6naA4h99UJvo89HB
blackbear,2cFrymmkijnjDg9SS92EPM
The Vamps,7gAppWoH7pcYmphCVTXkzs
KYLE,4qBgvVog0wzW75IQ48mU7v
Juice WRLD,4MCBfE4596Uoi2O4DtmEMz
girl in red,3uwAm6vQy7kWPS2bciKWx9
Offset,4DdkRBBYG6Yk9Ka8tdJ9BW
Lil Baby,5f7VJjfbwm532GiveGC0ZK
Lauv,5JZ7CnR6gTvEMKX4g70Amv
Anne-Marie,1zNqDE7qDGCsyzJwohVaoX
NF,6fOMl44jA4Sp5b9PpYCkzz
Dean Lewis,3QSQFmccmX81fWCUSPTS7y
Dynoro,3v6Ji4uoWtKRkhuDUaxi9n
Sheck Wes,2RDOrhPqAM4jzTRCEb19qX
Nio Garcia,5hdhHgpxyniooUiQVaPxQ0
Loud Luxury,6t1gpxYbY8OlLA7D2RiikQ
benny blanco,5CiGnKThu5ctn9pBxv7DGa
Ozuna,1i8SpTcr7yvPOmcqrbnVXY
Bebe Rexha,64M6ah0SkkRsnPGtGiRAbb
Dennis Lloyd,3EOEK57CV77D4ovYVcmiyt
Bazzi,4GvEc3ANtPPjt1ZJllr5Zl
Piso 21,4bw2Am3p9ji3mYsXNXtQcd
Nicky Jam,1SupJlEpv7RS2tPNRaHViT
Ella Mai,7HkdQ0gt53LP4zmHsL0nap
BlocBoy JB,4TEJudQY2pXxVHPE3gD2EU
Zac Efron,6U1dBXJhC8gXFjamvFTmHg
Halsey,26VFTg2z8YR0cCuwLzESi2
Sofía Reyes,0haZhu4fFKt0Ag94kZDiz2
FINNEAS,37M5pPGs6V1fchFJSgCguX
Rudimental,4WN5naL3ofxrVBgFpguzKo
Tyga,5LHRHt1k9lMyONurDHEdrp
Hugh Jackman,5F1aoppMtU3OMiltO8ymJ2
Reik,0vR2qb8m9WHeZ5ByCbimq2
Tom Walker,7z2avKuuiMAT4XZJFv8Rvh
King Princess,6beUvFUlKliUYJdLOXNj9C
Rich The Kid,1pPmIToKXyGdsCF6LmqLmI
6ix9ine,7gZfnEnfiaHzxARJ2LeXrf
Jay Rock,28ExwzUQsvgJooOI0X1mr3
Dan + Shay,7z5WFjZAIYejWy0NI5lv4T
Lil Dicky,1tqhsYv8yBBdwANFNzHtcr
Maluma,1r4hJ1h58CWwUQe3MxPuau
Lil Nas X,7jVv8c5Fj3E9VhNjxT4snq
Gesaffelstein,3hteYQFiMFbJY7wS0xDymP
Alec Benjamin,5IH6FPUwQTxPSXurCrcIov
Lewis Capaldi,4GNC7GD6oZMSxPGyXy4MNB
BTS,3Nrfpe0tUJi4K4DXYWgMUX
Tyler, The Creator,4V8LLVI7PbaPR0K2TGSxFF
Ava Max,4npEfmQ6YuiwW1GpUmaq3F
Lil Tecca,4Ga1P7PMIsmqEZqhYZQgDo
Regard,4ofCBoyEiGSePFAG500xev
Bad Bunny,4q3ewBCX7sLwd24euuV69X
Dave,6Ip8FS7vWT1uKkJSweANQK
Tones And I,2NjfBq1NflQcKSeiDooVjY
Polo G,6AgTAQt8XS6jRWi4sX7w49
Kehlani,0cGUm45nv7Z6M6qdXYQGTX
MEDUZA,0xRXCcSX89eobfrshSVdyu
Mabel,1MIVXf74SZHmTIp4V4paH4
Mustard,0YinUQ50QDB7ZxSCLyQ40k
Lizzo,56oDRnqbIiwx4mymNEv7dS
BLACKPINK,41MozSoPIsD1dJM0CLPjZF
Dominic Fike,6USv9qhCn6zfxlBQIYJ9qs
Anuel AA,2R21vXR83lH98kGeO99Y66
Pedro Capó,4QVBYiagIaa6ZGSPMbybpy
NLE Choppa,0ErzCpIMyLcjPiwT4elrtZ
Queen,1dfeR4HaWDbWqFHLkxsg1d
Ed Sheeran & Justin Bieber,1WsYCXdezMjn0KoIrLvMmC
Lunay,47MpMsUfWtgyIIBEFOr4FE
iann dior,6ASri4ePR7RlsvIQgWPJpS
Sech,77ziqFxp5gaInVrF2lj4ht
DaBaby,4r63FhuTkUYltbVAg5TQnk
Paulo Londra,3vQ0GE3mI0dAaxIMYe5g7z
Flipp Dinero,2HUwZ0kumzCSlhFcjFZfpp
Saweetie,6cK3NBO6uP7hh0oyuVELFl
Normani,2cWZOOzeOm4WmBJRnD5R7I
Freya Ridings,5pDjmC5mRl7vDJhsjVwNfk
AJ Tracey,4Xi6LSfFqv26XgP9NKN26U
